word,count
floods,1
dost,1
o’erwhelmed,1
fiery,2
without,1
infernal,1
satan,1
favoured,1
silence,1
prison,1
th’,7
instruct,1
wrath;,1
thus,1
league,1
whose,3
fallen:,1
unconsumed.,1
as,5
at,1
reserved,1
peace,1
much,1
flight,1
sights,1
comes,2
misery,1
eyes,1
deluge,1
fell!,1
how,4
rolling,1
proved,1
omnipotent,1
by,3
unlike,1
whom,2
adamantine,1
after,1
fallen!,1
a,2
set,2
man’s,1
joined,2
words,1
i,3
o,2
the,29
battle,1
fast,1
taught,1
regain,1
god,4
nine,1
weltering,1
thy,2
furnace,1
archenemy,1
perdition,1
moved,1
obdurate,1
woe,2
down,1
bright!—if,1
utmost,1
monarchy,1
hideous,1
never,2
mutual,1
vanquished,1
paradise,1
first—for,1
lasting,1
deep,1
beginning,1
outspread,1
rather,1
united,1
for,4
deceived,1
sat’st,1
happiness,1
know’st;,1
end,1
views,1
began:—,1
thence,2
chiefly,1
grand,1
ruin;,1
equalled,1
with,15
steadfast,1
there,2
arms.,1
he,8
named,1
envy,1
immortal.,1
called,1
adventurous,1
peers,1
invoke,1
hope,2
counsels,1
soon,1
foul,1
darkness,2
if,2
hath,1
serpent;,1
song,1
sky,1
in,16
nothing,1
vain,1
pole.,1
is,2
it,3
men.,1
heaven,6
served,1
mighty,1
defy,1
aid,2
urges,1
brooding,1
brought,1
aim,1
against,1
torments,1
crew,1
world,2
top,1
known,1
have,1
crime,1
man,1
abyss,1
penal,1
delight,1
creator,1
side,1
may,1
spirit,1
off,1
dungeon,1
removed,1
trusted,1
rose,1
sinai,1
bottomless,1
while,1
that,12
high,1
ambitious,1
me,3
raise,1
host,1
revolt?,1
durst,1
pit,1
all,5
waste,1
brook,1
hate.,1
lay,1
eden,1
my,1
throws,1
heart,1
chosen,1
present,1
parents,1
pursues,1
no,2
shades,1
fruit,1
muse,1
rhyme.,1
cause,1
mixed,1
times,1
headlong,1
and,34
of,22
men,1
oh,1
on,3
highly,1
opposed,1
or,3
whence,1
raised,1
transcendent,1
oreb,1
dovelike,1
earth,1
pregnant:,1
he—but,1
thought,1
taste,1
sorrow,1
transgress,1
myriads,1
blissful,1
guile,1
horrible,1
above,2
fire,2
state,1
him:,1
they,1
height,2
breaking,1
thee,1
mankind,1
night,1
them,1
mount,1
restraint,1
glory,1
seat,1
himself,2
lords,1
“if,1
seed,1
long,1
into,2
ken,1
where,1
so,2
stirred,1
affliction,1
situation,1
siloa’s,1
middle,1
though,2
whirlwinds,1
forbidden,1
one,4
heavenly,1
chaos:,1
hill,1
such,1
torture,1
inspire,1
flowed,1
to,17
vast,1
sion,1
but,3
aspiring,1
till,1
besides.,1
had,1
dwell,2
outshine,1
support;,1
mother,1
didst,2
view,1
things,1
huge,1
hides,1
up,1
has,1
wast,1
ruin,1
us,1
those,2
flaming,1
oracle,1
this,1
dismal,1
bold,1
thrice,1
upright,1
palestine,1
dismay,1
once,2
sing,1
changed,1
next,2
doleful,1
rebellious;,1
book,1
throne,1
pure,1
nor,1
stronger,1
heavens,1
now,2
gulf,1
impious,1
mortal,2
thoughts,1
pain,1
discerns;,1
sulphur,1
was,1
yet,2
war,1
ethereal,1
equal,2
what,6
brightness,1
disobedience,1
hurled,1
time,1
rebel,1
chains,1
happy,2
tempestuous,1
loss,1
cast,1
measures,1
hazard,1
lost,2
justify,1
far,2
mad’st,1
wild.,1
greater,1
still,1
temples,1
horrid,2
providence,1
light,2
hell—say,1
pride,2
confounded,1
regions,1
enterprise,1
portion,1
secret,1
everburning,1
our,2
out,2
baleful,1
ways,1
illumine,1
fall,2
low,1
assert,1
angels,2
glorious,1
unattempted,1
dark,1
attempt.,1
flamed;,1
power,2
place,2
witnessed,1
more,2
centre,1
thou,5
great,2
seest,1
eternal,2
ordained,1
wings,1
sides,1
first,5
realms,1
argument,1
seduced,1
aonian,1
prefer,1
fed,1
before,1
utter,1
doom,1
prepared,1
him,4
flames,1
space,1
his,9
companions,1
only,1
justice,1
from,11
day,1
clothed,1
discover,1
proud,1
visible,1
light;,1
tree,1
both,1
most,1
combustion,1
soar,1
who,4
here,1
tract,1
death,1
almighty,1
their,3
shepherd,1
can,1
intends,1
prose,1
rest,1
restore,1
revenge,1
will,1
say,1
round,2
beelzebub.,1
beest,1
